matchup,event_url,market,selection,line,price,raw_text
,https://sportsbook.draftkings.com/event/phi-76ers-%2540-atl-hawks/33755071,POPULAR,,,+1100,+1100
,https://sportsbook.draftkings.com/event/phi-76ers-%2540-atl-hawks/33755071,Bonus Basketball,,,+1100,+1100
,https://sportsbook.draftkings.com/event/phi-76ers-%2540-atl-hawks/33755071,Bonus Basketball,,,+228,+228
,https://sportsbook.draftkings.com/event/phi-76ers-%2540-atl-hawks/33755071,Bonus Basketball,,,+196,+196
,https://sportsbook.draftkings.com/event/phi-76ers-%2540-atl-hawks/33755071,131 People Placed This Bet,,,+1100,+1100
,https://sportsbook.draftkings.com/event/phi-76ers-%2540-atl-hawks/33755071,Crowd Favorites,,,+228,+228
,https://sportsbook.draftkings.com/event/phi-76ers-%2540-atl-hawks/33755071,Up Up & Away,,,+196,+196
,https://sportsbook.draftkings.com/event/phi-76ers-%2540-atl-hawks/33755071,Over & Out,,,+1000,+1000
,https://sportsbook.draftkings.com/event/phi-76ers-%2540-atl-hawks/33755071,Covering It Down,,,+252,+252
,https://sportsbook.draftkings.com/event/phi-76ers-%2540-atl-hawks/33755071,Raising The Game,,,+278,+278
,https://sportsbook.draftkings.com/event/phi-76ers-%2540-atl-hawks/33755071,Warm Up the Bus 🚌,,,+110,+110
,https://sportsbook.draftkings.com/event/phi-76ers-%2540-atl-hawks/33755071,Game,,,+700,+700
,https://sportsbook.draftkings.com/event/phi-76ers-%2540-atl-hawks/33755071,Game,,,+100,+100
,https://sportsbook.draftkings.com/event/phi-76ers-%2540-atl-hawks/33755071,Spread,,,+700,+700
,https://sportsbook.draftkings.com/event/phi-76ers-%2540-atl-hawks/33755071,Spread,,,+100,+100
,https://sportsbook.draftkings.com/event/phi-76ers-%2540-atl-hawks/33755071,PHI 76ers,,,+700,+700
,https://sportsbook.draftkings.com/event/phi-76ers-%2540-atl-hawks/33755071,PHI 76ers,,,+100,+100
,https://sportsbook.draftkings.com/event/phi-76ers-%2540-atl-hawks/33755071,+6.5,,,+700,+700
,https://sportsbook.draftkings.com/event/phi-76ers-%2540-atl-hawks/33755071,+6.5,,,+100,+100
,https://sportsbook.draftkings.com/event/phi-76ers-%2540-atl-hawks/33755071,30+,,,+110,+110
,https://sportsbook.draftkings.com/event/phi-76ers-%2540-atl-hawks/33755071,30+,,,+475,+475
,https://sportsbook.draftkings.com/event/phi-76ers-%2540-atl-hawks/33755071,"4:07 PM · Mar 03, 2026","Tonight at 8:00 p.m. ET, the 33 Philadelphia 76ers host the 43-17 San Antonio Spurs. The Sixers have won four of their previous five matchup",8,-27,"Tonight at 8:00 p.m. ET, the 33-27 Philadelphia 76ers host the 43-17 San Antonio Spurs. The Sixers have won four of their previous five matchups against the Spurs. The Spurs are 11-1 in their last 12 games while the Sixe"
,https://sportsbook.draftkings.com/event/bkn-nets-%2540-det-pistons/33755072,POPULAR,DET Pistons .5 Spread,5,-10,DET Pistons -10.5 Spread
,https://sportsbook.draftkings.com/event/bkn-nets-%2540-det-pistons/33755072,POPULAR,,,+216,+216
,https://sportsbook.draftkings.com/event/bkn-nets-%2540-det-pistons/33755072,Crowd Favorites,DET Pistons .5 Spread,5,-10,DET Pistons -10.5 Spread
,https://sportsbook.draftkings.com/event/bkn-nets-%2540-det-pistons/33755072,Crowd Favorites,,,+216,+216
,https://sportsbook.draftkings.com/event/bkn-nets-%2540-det-pistons/33755072,Crowd Favorites,,,+266,+266
,https://sportsbook.draftkings.com/event/bkn-nets-%2540-det-pistons/33755072,Crowd Favorites,BKN Nets .5 Spread,5,+10,BKN Nets +10.5 Spread
,https://sportsbook.draftkings.com/event/bkn-nets-%2540-det-pistons/33755072,Crowd Favorites,,,+270,+270
,https://sportsbook.draftkings.com/event/bkn-nets-%2540-det-pistons/33755072,Raising The Game,DET Pistons .5 Spread,5,-10,DET Pistons -10.5 Spread
,https://sportsbook.draftkings.com/event/bkn-nets-%2540-det-pistons/33755072,Raising The Game,,,+266,+266
,https://sportsbook.draftkings.com/event/bkn-nets-%2540-det-pistons/33755072,Covering It Down,BKN Nets .5 Spread,5,+10,BKN Nets +10.5 Spread
,https://sportsbook.draftkings.com/event/bkn-nets-%2540-det-pistons/33755072,Covering It Down,,,+270,+270
,https://sportsbook.draftkings.com/event/bkn-nets-%2540-det-pistons/33755072,Up Up & Away,BKN Nets .5 Spread,5,+10,BKN Nets +10.5 Spread
,https://sportsbook.draftkings.com/event/bkn-nets-%2540-det-pistons/33755072,Up Up & Away,,,+200,+200
,https://sportsbook.draftkings.com/event/bkn-nets-%2540-det-pistons/33755072,Over & Out,,,+2100,+2100
,https://sportsbook.draftkings.com/event/bkn-nets-%2540-det-pistons/33755072,Game,.5,5,+10,+10.5
,https://sportsbook.draftkings.com/event/bkn-nets-%2540-det-pistons/33755072,Game,,,+3000,+3000
,https://sportsbook.draftkings.com/event/bkn-nets-%2540-det-pistons/33755072,Game,.5,5,-10,-10.5
,https://sportsbook.draftkings.com/event/bkn-nets-%2540-det-pistons/33755072,Spread,.5,5,+10,+10.5
,https://sportsbook.draftkings.com/event/bkn-nets-%2540-det-pistons/33755072,Spread,,,+3000,+3000
,https://sportsbook.draftkings.com/event/bkn-nets-%2540-det-pistons/33755072,Spread,.5,5,-10,-10.5
,https://sportsbook.draftkings.com/event/bkn-nets-%2540-det-pistons/33755072,BKN Nets,.5,5,+10,+10.5
,https://sportsbook.draftkings.com/event/bkn-nets-%2540-det-pistons/33755072,BKN Nets,,,+3000,+3000
,https://sportsbook.draftkings.com/event/bkn-nets-%2540-det-pistons/33755072,BKN Nets,.5,5,-10,-10.5
,https://sportsbook.draftkings.com/event/bkn-nets-%2540-det-pistons/33755072,+10.5,,,+3000,+3000
,https://sportsbook.draftkings.com/event/bkn-nets-%2540-det-pistons/33755072,+10.5,.5,5,-10,-10.5
,https://sportsbook.draftkings.com/event/bkn-nets-%2540-det-pistons/33755072,18+,,,+125,+125
,https://sportsbook.draftkings.com/event/uta-jazz-%2540-mil-bucks/33755074,POPULAR,,,+390,+390
,https://sportsbook.draftkings.com/event/uta-jazz-%2540-mil-bucks/33755074,Fear the Deer 🦌,,,+390,+390
,https://sportsbook.draftkings.com/event/uta-jazz-%2540-mil-bucks/33755074,Fear the Deer 🦌,,,+315,+315
,https://sportsbook.draftkings.com/event/uta-jazz-%2540-mil-bucks/33755074,Fear the Deer 🦌,,,+500,+500
,https://sportsbook.draftkings.com/event/uta-jazz-%2540-mil-bucks/33755074,Jazz Club 🎺,,,+315,+315
,https://sportsbook.draftkings.com/event/uta-jazz-%2540-mil-bucks/33755074,Home Court Heroes,,,+500,+500
,https://sportsbook.draftkings.com/event/uta-jazz-%2540-mil-bucks/33755074,Silence the Crowd 🤫,,,+800,+800
,https://sportsbook.draftkings.com/event/uta-jazz-%2540-mil-bucks/33755074,Raining Threes,,,+240,+240
,https://sportsbook.draftkings.com/event/uta-jazz-%2540-mil-bucks/33755074,Swish & Dish,,,+282,+282
,https://sportsbook.draftkings.com/event/uta-jazz-%2540-mil-bucks/33755074,Doing it All,,,+415,+415
,https://sportsbook.draftkings.com/event/uta-jazz-%2540-mil-bucks/33755074,Stat Sheet Stuffer,,,+250,+250
,https://sportsbook.draftkings.com/event/uta-jazz-%2540-mil-bucks/33755074,Unselfish,,,+214,+214
,https://sportsbook.draftkings.com/event/uta-jazz-%2540-mil-bucks/33755074,Buckets & Boards,,,+110,+110
,https://sportsbook.draftkings.com/event/uta-jazz-%2540-mil-bucks/33755074,Swish & Swipe,,,+395,+395
,https://sportsbook.draftkings.com/event/uta-jazz-%2540-mil-bucks/33755074,Helping Hands 🤝,,,+262,+262
,https://sportsbook.draftkings.com/event/uta-jazz-%2540-mil-bucks/33755074,Pass & Crash,,,+750,+750
,https://sportsbook.draftkings.com/event/uta-jazz-%2540-mil-bucks/33755074,Lead the Way,,,+500,+500
,https://sportsbook.draftkings.com/event/uta-jazz-%2540-mil-bucks/33755074,Buckets on Buckets 🪣,,,+600,+600
,https://sportsbook.draftkings.com/event/uta-jazz-%2540-mil-bucks/33755074,Home Away From Home,,,+1300,+1300
,https://sportsbook.draftkings.com/event/uta-jazz-%2540-mil-bucks/33755074,Score & Board,,,+750,+750
,https://sportsbook.draftkings.com/event/uta-jazz-%2540-mil-bucks/33755074,Combo Meal 🍟,,,+600,+600
,https://sportsbook.draftkings.com/event/uta-jazz-%2540-mil-bucks/33755074,What Can't He Do?,,,+110,+110
,https://sportsbook.draftkings.com/event/uta-jazz-%2540-mil-bucks/33755074,Hamburger Helper 🍔,,,+430,+430
,https://sportsbook.draftkings.com/event/uta-jazz-%2540-mil-bucks/33755074,Game,.5,5,+10,+10.5
,https://sportsbook.draftkings.com/event/uta-jazz-%2540-mil-bucks/33755074,Game,,,+400,+400
,https://sportsbook.draftkings.com/event/uta-jazz-%2540-mil-bucks/33755074,Game,.5,5,-10,-10.5
,https://sportsbook.draftkings.com/event/uta-jazz-%2540-mil-bucks/33755074,Spread,.5,5,+10,+10.5
,https://sportsbook.draftkings.com/event/uta-jazz-%2540-mil-bucks/33755074,Spread,,,+400,+400
,https://sportsbook.draftkings.com/event/uta-jazz-%2540-mil-bucks/33755074,Spread,.5,5,-10,-10.5
,https://sportsbook.draftkings.com/event/uta-jazz-%2540-mil-bucks/33755074,UTA Jazz,.5,5,+10,+10.5
,https://sportsbook.draftkings.com/event/uta-jazz-%2540-mil-bucks/33755074,UTA Jazz,,,+400,+400
,https://sportsbook.draftkings.com/event/uta-jazz-%2540-mil-bucks/33755074,UTA Jazz,.5,5,-10,-10.5
,https://sportsbook.draftkings.com/event/uta-jazz-%2540-mil-bucks/33755074,+10.5,,,+400,+400
,https://sportsbook.draftkings.com/event/uta-jazz-%2540-mil-bucks/33755074,+10.5,.5,5,-10,-10.5
,https://sportsbook.draftkings.com/event/uta-jazz-%2540-mil-bucks/33755074,Brice Sensabaugh,,,+100,+100
,https://sportsbook.draftkings.com/event/uta-jazz-%2540-mil-bucks/33755074,8+,,,+100,+100
,https://sportsbook.draftkings.com/event/uta-jazz-%2540-mil-bucks/33755074,Ryan Rollins,,,+110,+110
,https://sportsbook.draftkings.com/event/uta-jazz-%2540-mil-bucks/33755074,8+,,,+110,+110
,https://sportsbook.draftkings.com/event/uta-jazz-%2540-mil-bucks/33755074,Ace Bailey,,,+110,+110
,https://sportsbook.draftkings.com/event/uta-jazz-%2540-mil-bucks/33755074,6+,,,+110,+110
,https://sportsbook.draftkings.com/event/uta-jazz-%2540-mil-bucks/33755074,Cameron Thomas,,,+115,+115
,https://sportsbook.draftkings.com/event/uta-jazz-%2540-mil-bucks/33755074,6+,,,+115,+115
,https://sportsbook.draftkings.com/event/uta-jazz-%2540-mil-bucks/33755074,AJ Green,,,+125,+125
,https://sportsbook.draftkings.com/event/uta-jazz-%2540-mil-bucks/33755074,6+,,,+125,+125
,https://sportsbook.draftkings.com/event/uta-jazz-%2540-mil-bucks/33755074,Cody Williams,,,+115,+115
,https://sportsbook.draftkings.com/event/uta-jazz-%2540-mil-bucks/33755074,Jericho Sims,,,+170,+170
,https://sportsbook.draftkings.com/event/uta-jazz-%2540-mil-bucks/33755074,6+,,,+170,+170
,https://sportsbook.draftkings.com/event/la-clippers-%2540-mem-grizzlies/33755073,POPULAR,,,+450,+450
,https://sportsbook.draftkings.com/event/la-clippers-%2540-mem-grizzlies/33755073,From the Hollywood Hills,,,+450,+450
,https://sportsbook.draftkings.com/event/la-clippers-%2540-mem-grizzlies/33755073,From the Hollywood Hills,,,+272,+272
,https://sportsbook.draftkings.com/event/la-clippers-%2540-mem-grizzlies/33755073,From the Hollywood Hills,,,+405,+405
,https://sportsbook.draftkings.com/event/la-clippers-%2540-mem-grizzlies/33755073,Memphis Board Meeting,,,+272,+272
,https://sportsbook.draftkings.com/event/la-clippers-%2540-mem-grizzlies/33755073,The Clip Show,,,+405,+405
,https://sportsbook.draftkings.com/event/la-clippers-%2540-mem-grizzlies/33755073,Grizzlies Attack,,,+1100,+1100
,https://sportsbook.draftkings.com/event/la-clippers-%2540-mem-grizzlies/33755073,Home Court Heroes,,,+575,+575
,https://sportsbook.draftkings.com/event/la-clippers-%2540-mem-grizzlies/33755073,Silence the Crowd 🤫,,,+460,+460
,https://sportsbook.draftkings.com/event/la-clippers-%2540-mem-grizzlies/33755073,Raining Threes,,,+400,+400
,https://sportsbook.draftkings.com/event/la-clippers-%2540-mem-grizzlies/33755073,Swish & Dish,,,+390,+390
,https://sportsbook.draftkings.com/event/la-clippers-%2540-mem-grizzlies/33755073,Doing it All,,,+395,+395
,https://sportsbook.draftkings.com/event/la-clippers-%2540-mem-grizzlies/33755073,Stat Sheet Stuffer,,,+360,+360
,https://sportsbook.draftkings.com/event/la-clippers-%2540-mem-grizzlies/33755073,Unselfish,,,+1100,+1100
,https://sportsbook.draftkings.com/event/la-clippers-%2540-mem-grizzlies/33755073,Buckets & Boards,,,+2200,+2200
,https://sportsbook.draftkings.com/event/la-clippers-%2540-mem-grizzlies/33755073,Helping Hands 🤝,,,+214,+214
,https://sportsbook.draftkings.com/event/la-clippers-%2540-mem-grizzlies/33755073,Pass & Crash,,,+455,+455
,https://sportsbook.draftkings.com/event/la-clippers-%2540-mem-grizzlies/33755073,Lead the Way,,,+218,+218
,https://sportsbook.draftkings.com/event/la-clippers-%2540-mem-grizzlies/33755073,Buckets on Buckets 🪣,,,+132,+132
,https://sportsbook.draftkings.com/event/la-clippers-%2540-mem-grizzlies/33755073,Home Away From Home,,,+485,+485
,https://sportsbook.draftkings.com/event/la-clippers-%2540-mem-grizzlies/33755073,Score & Board,,,+340,+340
,https://sportsbook.draftkings.com/event/la-clippers-%2540-mem-grizzlies/33755073,Combo Meal 🍟,,,+264,+264
,https://sportsbook.draftkings.com/event/la-clippers-%2540-mem-grizzlies/33755073,What Can't He Do?,,,+445,+445
,https://sportsbook.draftkings.com/event/la-clippers-%2540-mem-grizzlies/33755073,Game,,,+175,+175
,https://sportsbook.draftkings.com/event/la-clippers-%2540-mem-grizzlies/33755073,Spread,,,+175,+175
,https://sportsbook.draftkings.com/event/la-clippers-%2540-mem-grizzlies/33755073,LA Clippers,,,+175,+175
,https://sportsbook.draftkings.com/event/la-clippers-%2540-mem-grizzlies/33755073,-5.5,,,+175,+175
,https://sportsbook.draftkings.com/event/la-clippers-%2540-mem-grizzlies/33755073,GG Jackson,,,+100,+100
,https://sportsbook.draftkings.com/event/la-clippers-%2540-mem-grizzlies/33755073,10+,,,+100,+100
,https://sportsbook.draftkings.com/event/la-clippers-%2540-mem-grizzlies/33755073,Jaylen Wells,,,+125,+125
,https://sportsbook.draftkings.com/event/la-clippers-%2540-mem-grizzlies/33755073,6+,,,+125,+125
,https://sportsbook.draftkings.com/event/la-clippers-%2540-mem-grizzlies/33755073,Derrick Jones Jr.,,,+110,+110
,https://sportsbook.draftkings.com/event/la-clippers-%2540-mem-grizzlies/33755073,8+,,,+110,+110
,https://sportsbook.draftkings.com/event/la-clippers-%2540-mem-grizzlies/33755073,Cedric Coward,,,+100,+100
,https://sportsbook.draftkings.com/event/la-clippers-%2540-mem-grizzlies/33755073,6+,,,+100,+100
,https://sportsbook.draftkings.com/event/la-clippers-%2540-mem-grizzlies/33755073,Cam Spencer,,,+125,+125
,https://sportsbook.draftkings.com/event/la-clippers-%2540-mem-grizzlies/33755073,Brook Lopez,,,+115,+115
,https://sportsbook.draftkings.com/event/la-clippers-%2540-mem-grizzlies/33755073,6+,,,+115,+115
,https://sportsbook.draftkings.com/event/la-clippers-%2540-mem-grizzlies/33755073,Taylor Hendricks,,,+115,+115
,https://sportsbook.draftkings.com/event/la-clippers-%2540-mem-grizzlies/33755073,Walter Clayton Jr.,,,+120,+120
,https://sportsbook.draftkings.com/event/la-clippers-%2540-mem-grizzlies/33755073,6+,,,+120,+120
,https://sportsbook.draftkings.com/event/la-clippers-%2540-mem-grizzlies/33755073,Kobe Sanders,,,+105,+105
,https://sportsbook.draftkings.com/event/la-clippers-%2540-mem-grizzlies/33755073,6+,,,+105,+105
,https://sportsbook.draftkings.com/event/gs-warriors-%2540-okc-thunder/33755075,Arc After Dark,,,+850,+850
,https://sportsbook.draftkings.com/event/gs-warriors-%2540-okc-thunder/33755075,Arc After Dark,,,+900,+900
,https://sportsbook.draftkings.com/event/gs-warriors-%2540-okc-thunder/33755075,253 People Placed This Bet,,,+850,+850
,https://sportsbook.draftkings.com/event/gs-warriors-%2540-okc-thunder/33755075,Shai Show 📺,,,+900,+900
,https://sportsbook.draftkings.com/event/gs-warriors-%2540-okc-thunder/33755075,297 People Placed This Bet,,,+900,+900
,https://sportsbook.draftkings.com/event/gs-warriors-%2540-okc-thunder/33755075,Spark to the Finish,,,+3500,+3500
,https://sportsbook.draftkings.com/event/gs-warriors-%2540-okc-thunder/33755075,Star Power Surge ✨,,,+435,+435
,https://sportsbook.draftkings.com/event/gs-warriors-%2540-okc-thunder/33755075,Stat Sheet Stuffers,,,+445,+445
,https://sportsbook.draftkings.com/event/gs-warriors-%2540-okc-thunder/33755075,Buckets on Both Ends 💥,,,+278,+278
,https://sportsbook.draftkings.com/event/gs-warriors-%2540-okc-thunder/33755075,Crash & Conquer,,,+1400,+1400
,https://sportsbook.draftkings.com/event/gs-warriors-%2540-okc-thunder/33755075,Twin Flames on Offense,,,+1000,+1000
,https://sportsbook.draftkings.com/event/gs-warriors-%2540-okc-thunder/33755075,Shootout With a Finish ♨️,,,+600,+600
,https://sportsbook.draftkings.com/event/gs-warriors-%2540-okc-thunder/33755075,From Tip to Triumph,,,+625,+625
,https://sportsbook.draftkings.com/event/gs-warriors-%2540-okc-thunder/33755075,Passing Clinic,,,+1300,+1300
,https://sportsbook.draftkings.com/event/gs-warriors-%2540-okc-thunder/33755075,Home Heat + High Total,,,+106,+106
,https://sportsbook.draftkings.com/event/gs-warriors-%2540-okc-thunder/33755075,54 People Placed This Bet,,,+106,+106
,https://sportsbook.draftkings.com/event/gs-warriors-%2540-okc-thunder/33755075,Covered + Cookin’ 👨‍🍳,OKC Thunder .5 Spread,5,-13,OKC Thunder -13.5 Spread
,https://sportsbook.draftkings.com/event/gs-warriors-%2540-okc-thunder/33755075,Covered + Cookin’ 👨‍🍳,,,+222,+222
,https://sportsbook.draftkings.com/event/gs-warriors-%2540-okc-thunder/33755075,51 People Placed This Bet,,,+222,+222
,https://sportsbook.draftkings.com/event/gs-warriors-%2540-okc-thunder/33755075,Spoilin’ the Party,GS Warriors .5 Spread,5,+13,GS Warriors +13.5 Spread
,https://sportsbook.draftkings.com/event/gs-warriors-%2540-okc-thunder/33755075,Spoilin’ the Party,,,+260,+260
,https://sportsbook.draftkings.com/event/gs-warriors-%2540-okc-thunder/33755075,31 People Placed This Bet,,,+260,+260
,https://sportsbook.draftkings.com/event/gs-warriors-%2540-okc-thunder/33755075,"Road Win, Run It Up",,,+950,+950
,https://sportsbook.draftkings.com/event/gs-warriors-%2540-okc-thunder/33755075,29 People Placed This Bet,,,+950,+950
,https://sportsbook.draftkings.com/event/gs-warriors-%2540-okc-thunder/33755075,Defense Drives the Win,OKC Thunder .5 Spread,5,-13,OKC Thunder -13.5 Spread
,https://sportsbook.draftkings.com/event/gs-warriors-%2540-okc-thunder/33755075,Defense Drives the Win,,,+278,+278
,https://sportsbook.draftkings.com/event/gs-warriors-%2540-okc-thunder/33755075,🧊 Ice Cold on the Road,GS Warriors .5 Spread,5,+13,GS Warriors +13.5 Spread
,https://sportsbook.draftkings.com/event/gs-warriors-%2540-okc-thunder/33755075,🧊 Ice Cold on the Road,,,+218,+218
,https://sportsbook.draftkings.com/event/gs-warriors-%2540-okc-thunder/33755075,OT Magic,,,+2900,+2900
,https://sportsbook.draftkings.com/event/gs-warriors-%2540-okc-thunder/33755075,Carry and Create,,,+950,+950
,https://sportsbook.draftkings.com/event/gs-warriors-%2540-okc-thunder/33755075,Game,.5,5,+12,+12.5
,https://sportsbook.draftkings.com/event/gs-warriors-%2540-okc-thunder/33755075,Game,,,+500,+500
,https://sportsbook.draftkings.com/event/gs-warriors-%2540-okc-thunder/33755075,Game,.5,5,-12,-12.5
,https://sportsbook.draftkings.com/event/gs-warriors-%2540-okc-thunder/33755075,Spread,.5,5,+12,+12.5
,https://sportsbook.draftkings.com/event/gs-warriors-%2540-okc-thunder/33755075,Spread,,,+500,+500
,https://sportsbook.draftkings.com/event/gs-warriors-%2540-okc-thunder/33755075,Spread,.5,5,-12,-12.5
,https://sportsbook.draftkings.com/event/gs-warriors-%2540-okc-thunder/33755075,GS Warriors,.5,5,+12,+12.5
,https://sportsbook.draftkings.com/event/gs-warriors-%2540-okc-thunder/33755075,GS Warriors,,,+500,+500
,https://sportsbook.draftkings.com/event/gs-warriors-%2540-okc-thunder/33755075,GS Warriors,.5,5,-12,-12.5
,https://sportsbook.draftkings.com/event/gs-warriors-%2540-okc-thunder/33755075,+12.5,,,+500,+500
,https://sportsbook.draftkings.com/event/gs-warriors-%2540-okc-thunder/33755075,+12.5,.5,5,-12,-12.5
,https://sportsbook.draftkings.com/event/gs-warriors-%2540-okc-thunder/33755075,1st Point,,,+385,+385
,https://sportsbook.draftkings.com/event/gs-warriors-%2540-okc-thunder/33755075,1st Point,,,+599,+599
,https://sportsbook.draftkings.com/event/gs-warriors-%2540-okc-thunder/33755075,1st Point,,,+650,+650
,https://sportsbook.draftkings.com/event/gs-warriors-%2540-okc-thunder/33755075,1st Point,,,+720,+720
,https://sportsbook.draftkings.com/event/gs-warriors-%2540-okc-thunder/33755075,1st Point,,,+860,+860
,https://sportsbook.draftkings.com/event/gs-warriors-%2540-okc-thunder/33755075,1st Point,,,+880,+880
,https://sportsbook.draftkings.com/event/gs-warriors-%2540-okc-thunder/33755075,1st Point,,,+900,+900
,https://sportsbook.draftkings.com/event/gs-warriors-%2540-okc-thunder/33755075,1st Point,,,+1060,+1060
,https://sportsbook.draftkings.com/event/gs-warriors-%2540-okc-thunder/33755075,1st Points Scorer,,,+385,+385
,https://sportsbook.draftkings.com/event/gs-warriors-%2540-okc-thunder/33755075,1st Points Scorer,,,+599,+599
,https://sportsbook.draftkings.com/event/gs-warriors-%2540-okc-thunder/33755075,1st Points Scorer,,,+650,+650
,https://sportsbook.draftkings.com/event/gs-warriors-%2540-okc-thunder/33755075,1st Points Scorer,,,+720,+720
,https://sportsbook.draftkings.com/event/gs-warriors-%2540-okc-thunder/33755075,1st Points Scorer,,,+860,+860
,https://sportsbook.draftkings.com/event/gs-warriors-%2540-okc-thunder/33755075,1st Points Scorer,,,+880,+880
,https://sportsbook.draftkings.com/event/gs-warriors-%2540-okc-thunder/33755075,1st Points Scorer,,,+900,+900
,https://sportsbook.draftkings.com/event/gs-warriors-%2540-okc-thunder/33755075,1st Points Scorer,,,+1060,+1060
,https://sportsbook.draftkings.com/event/gs-warriors-%2540-okc-thunder/33755075,6+,,,+101,+101
,https://sportsbook.draftkings.com/event/bos-celtics-%2540-cle-cavaliers/33762021,Star Power Surge ✨,,,+420,+420
,https://sportsbook.draftkings.com/event/bos-celtics-%2540-cle-cavaliers/33762021,Star Power Surge ✨,,,+430,+430
,https://sportsbook.draftkings.com/event/bos-celtics-%2540-cle-cavaliers/33762021,Twin Flames on Offense,,,+430,+430
,https://sportsbook.draftkings.com/event/bos-celtics-%2540-cle-cavaliers/33762021,Buckets on Both Ends 💥,,,+500,+500
,https://sportsbook.draftkings.com/event/bos-celtics-%2540-cle-cavaliers/33762021,Crash & Conquer,,,+480,+480
,https://sportsbook.draftkings.com/event/bos-celtics-%2540-cle-cavaliers/33762021,Stat Sheet Stuffers,,,+420,+420
,https://sportsbook.draftkings.com/event/bos-celtics-%2540-cle-cavaliers/33762021,Shootout With a Finish ♨️,,,+130,+130
,https://sportsbook.draftkings.com/event/bos-celtics-%2540-cle-cavaliers/33762021,Passing Clinic,,,+450,+450
,https://sportsbook.draftkings.com/event/bos-celtics-%2540-cle-cavaliers/33762021,Spoilin’ the Party,,,+224,+224
,https://sportsbook.draftkings.com/event/bos-celtics-%2540-cle-cavaliers/33762021,47 People Placed This Bet,,,+224,+224
,https://sportsbook.draftkings.com/event/bos-celtics-%2540-cle-cavaliers/33762021,🧊 Ice Cold on the Road,,,+224,+224
,https://sportsbook.draftkings.com/event/bos-celtics-%2540-cle-cavaliers/33762021,"Road Win, Run It Up",,,+240,+240
,https://sportsbook.draftkings.com/event/bos-celtics-%2540-cle-cavaliers/33762021,Covered + Cookin’ 👨‍🍳,,,+262,+262
,https://sportsbook.draftkings.com/event/bos-celtics-%2540-cle-cavaliers/33762021,Defense Drives the Win,,,+266,+266
,https://sportsbook.draftkings.com/event/bos-celtics-%2540-cle-cavaliers/33762021,Home Heat + High Total,,,+244,+244
,https://sportsbook.draftkings.com/event/bos-celtics-%2540-cle-cavaliers/33762021,"Big Totals, Bold Finish 🧨",,,+134,+134
,https://sportsbook.draftkings.com/event/bos-celtics-%2540-cle-cavaliers/33762021,Carry and Create,,,+345,+345
,https://sportsbook.draftkings.com/event/bos-celtics-%2540-cle-cavaliers/33762021,Game,,,+100,+100
,https://sportsbook.draftkings.com/event/bos-celtics-%2540-cle-cavaliers/33762021,Spread,,,+100,+100
,https://sportsbook.draftkings.com/event/bos-celtics-%2540-cle-cavaliers/33762021,BOS Celtics,,,+100,+100
,https://sportsbook.draftkings.com/event/bos-celtics-%2540-cle-cavaliers/33762021,+1.5,,,+100,+100
,https://sportsbook.draftkings.com/event/bos-celtics-%2540-cle-cavaliers/33762021,8+,,,+124,+124
,https://sportsbook.draftkings.com/event/ny-knicks-%2540-la-lakers/33762022,POPULAR,,,+240,+240
,https://sportsbook.draftkings.com/event/ny-knicks-%2540-la-lakers/33762022,POPULAR,,,+180,+180
,https://sportsbook.draftkings.com/event/ny-knicks-%2540-la-lakers/33762022,🧊 Ice Cold on the Road,,,+240,+240
,https://sportsbook.draftkings.com/event/ny-knicks-%2540-la-lakers/33762022,🧊 Ice Cold on the Road,,,+180,+180
,https://sportsbook.draftkings.com/event/ny-knicks-%2540-la-lakers/33762022,🧊 Ice Cold on the Road,,,+256,+256
,https://sportsbook.draftkings.com/event/ny-knicks-%2540-la-lakers/33762022,"Big Totals, Bold Finish 🧨",,,+180,+180
,https://sportsbook.draftkings.com/event/ny-knicks-%2540-la-lakers/33762022,Spoilin’ the Party,,,+256,+256
,https://sportsbook.draftkings.com/event/ny-knicks-%2540-la-lakers/33762022,Defense Drives the Win,,,+230,+230
,https://sportsbook.draftkings.com/event/ny-knicks-%2540-la-lakers/33762022,Home Heat + High Total,,,+360,+360
,https://sportsbook.draftkings.com/event/ny-knicks-%2540-la-lakers/33762022,"Road Win, Run It Up",,,+184,+184
,https://sportsbook.draftkings.com/event/ny-knicks-%2540-la-lakers/33762022,Covered + Cookin’ 👨‍🍳,,,+246,+246
,https://sportsbook.draftkings.com/event/ny-knicks-%2540-la-lakers/33762022,Game,,,+145,+145
,https://sportsbook.draftkings.com/event/ny-knicks-%2540-la-lakers/33762022,Spread,,,+145,+145
,https://sportsbook.draftkings.com/event/ny-knicks-%2540-la-lakers/33762022,NY Knicks,,,+145,+145
,https://sportsbook.draftkings.com/event/ny-knicks-%2540-la-lakers/33762022,-4.5,,,+145,+145
,https://sportsbook.draftkings.com/event/ny-knicks-%2540-la-lakers/33762022,Betting News,"Sometimes, there are losses that feel like moral victories. For the Los Angeles Lakers, last night's 120 defeat against the Denver Nuggets m",120,-113,"Sometimes, there are losses that feel like moral victories. For the Los Angeles Lakers, last night's 120-113 defeat against the Denver Nuggets might qualify, as the Lakers lost starting center Deandre Ayton early and tra"
,https://sportsbook.draftkings.com/event/ny-knicks-%2540-la-lakers/33762022,"7:30 PM · Mar 06, 2026","Sometimes, there are losses that feel like moral victories. For the Los Angeles Lakers, last night's 120 defeat against the Denver Nuggets m",120,-113,"Sometimes, there are losses that feel like moral victories. For the Los Angeles Lakers, last night's 120-113 defeat against the Denver Nuggets might qualify, as the Lakers lost starting center Deandre Ayton early and tra"
,https://sportsbook.draftkings.com/event/ny-knicks-%2540-la-lakers/33762022,"4:10 PM · Mar 06, 2026","Sometimes, there are losses that feel like moral victories. For the Los Angeles Lakers, last night's 120 defeat against the Denver Nuggets m",120,-113,"Sometimes, there are losses that feel like moral victories. For the Los Angeles Lakers, last night's 120-113 defeat against the Denver Nuggets might qualify, as the Lakers lost starting center Deandre Ayton early and tra"
,https://sportsbook.draftkings.com/event/dal-mavericks-%2540-tor-raptors/33762028,POPULAR,,,+380,+380
,https://sportsbook.draftkings.com/event/dal-mavericks-%2540-tor-raptors/33762028,POPULAR,,,+234,+234
,https://sportsbook.draftkings.com/event/dal-mavericks-%2540-tor-raptors/33762028,Shootout With a Finish ♨️,,,+380,+380
,https://sportsbook.draftkings.com/event/dal-mavericks-%2540-tor-raptors/33762028,Shootout With a Finish ♨️,,,+234,+234
,https://sportsbook.draftkings.com/event/dal-mavericks-%2540-tor-raptors/33762028,Shootout With a Finish ♨️,,,+252,+252
,https://sportsbook.draftkings.com/event/dal-mavericks-%2540-tor-raptors/33762028,Spoilin’ the Party,,,+234,+234
,https://sportsbook.draftkings.com/event/dal-mavericks-%2540-tor-raptors/33762028,Defense Drives the Win,,,+252,+252
,https://sportsbook.draftkings.com/event/dal-mavericks-%2540-tor-raptors/33762028,Home Heat + High Total,,,+112,+112
,https://sportsbook.draftkings.com/event/dal-mavericks-%2540-tor-raptors/33762028,"Road Win, Run It Up",,,+675,+675
,https://sportsbook.draftkings.com/event/dal-mavericks-%2540-tor-raptors/33762028,Covered + Cookin’ 👨‍🍳,,,+236,+236
,https://sportsbook.draftkings.com/event/dal-mavericks-%2540-tor-raptors/33762028,🧊 Ice Cold on the Road,,,+252,+252
,https://sportsbook.draftkings.com/event/dal-mavericks-%2540-tor-raptors/33762028,Game,,,+320,+320
,https://sportsbook.draftkings.com/event/dal-mavericks-%2540-tor-raptors/33762028,Spread,,,+320,+320
,https://sportsbook.draftkings.com/event/dal-mavericks-%2540-tor-raptors/33762028,DAL Mavericks,,,+320,+320
,https://sportsbook.draftkings.com/event/dal-mavericks-%2540-tor-raptors/33762028,+9.5,,,+320,+320
,https://sportsbook.draftkings.com/event/was-wizards-%2540-no-pelicans/33762029,POPULAR,,,+256,+256
,https://sportsbook.draftkings.com/event/was-wizards-%2540-no-pelicans/33762029,POPULAR,,,+238,+238
,https://sportsbook.draftkings.com/event/was-wizards-%2540-no-pelicans/33762029,Covered + Cookin’ 👨‍🍳,,,+256,+256
,https://sportsbook.draftkings.com/event/was-wizards-%2540-no-pelicans/33762029,Covered + Cookin’ 👨‍🍳,,,+238,+238
,https://sportsbook.draftkings.com/event/was-wizards-%2540-no-pelicans/33762029,Covered + Cookin’ 👨‍🍳,,,+136,+136
,https://sportsbook.draftkings.com/event/was-wizards-%2540-no-pelicans/33762029,Defense Drives the Win,,,+238,+238
,https://sportsbook.draftkings.com/event/was-wizards-%2540-no-pelicans/33762029,Home Heat + High Total,,,+136,+136
,https://sportsbook.draftkings.com/event/was-wizards-%2540-no-pelicans/33762029,"Road Win, Run It Up",,,+500,+500
,https://sportsbook.draftkings.com/event/was-wizards-%2540-no-pelicans/33762029,Spoilin’ the Party,,,+230,+230
,https://sportsbook.draftkings.com/event/was-wizards-%2540-no-pelicans/33762029,🧊 Ice Cold on the Road,,,+250,+250
,https://sportsbook.draftkings.com/event/was-wizards-%2540-no-pelicans/33762029,Game,,,+260,+260
,https://sportsbook.draftkings.com/event/was-wizards-%2540-no-pelicans/33762029,Spread,,,+260,+260
,https://sportsbook.draftkings.com/event/was-wizards-%2540-no-pelicans/33762029,WAS Wizards,,,+260,+260
,https://sportsbook.draftkings.com/event/was-wizards-%2540-no-pelicans/33762029,+8.5,,,+260,+260
,https://sportsbook.draftkings.com/event/hou-rockets-%2540-sa-spurs/33762031,Star Power Surge ✨,,,+340,+340
,https://sportsbook.draftkings.com/event/hou-rockets-%2540-sa-spurs/33762031,Star Power Surge ✨,,,+1800,+1800
,https://sportsbook.draftkings.com/event/hou-rockets-%2540-sa-spurs/33762031,Spark to the Finish,,,+1800,+1800
,https://sportsbook.draftkings.com/event/hou-rockets-%2540-sa-spurs/33762031,Crash & Conquer,,,+575,+575
,https://sportsbook.draftkings.com/event/hou-rockets-%2540-sa-spurs/33762031,Buckets on Both Ends 💥,,,+355,+355
,https://sportsbook.draftkings.com/event/hou-rockets-%2540-sa-spurs/33762031,Stat Sheet Stuffers,,,+365,+365
,https://sportsbook.draftkings.com/event/hou-rockets-%2540-sa-spurs/33762031,Twin Flames on Offense,,,+500,+500
,https://sportsbook.draftkings.com/event/hou-rockets-%2540-sa-spurs/33762031,Shootout With a Finish ♨️,,,+196,+196
,https://sportsbook.draftkings.com/event/hou-rockets-%2540-sa-spurs/33762031,From Tip to Triumph,,,+850,+850
,https://sportsbook.draftkings.com/event/hou-rockets-%2540-sa-spurs/33762031,Passing Clinic,,,+525,+525
,https://sportsbook.draftkings.com/event/hou-rockets-%2540-sa-spurs/33762031,Home Heat + High Total,,,+182,+182
,https://sportsbook.draftkings.com/event/hou-rockets-%2540-sa-spurs/33762031,Covered + Cookin’ 👨‍🍳,,,+256,+256
,https://sportsbook.draftkings.com/event/hou-rockets-%2540-sa-spurs/33762031,Defense Drives the Win,,,+230,+230
,https://sportsbook.draftkings.com/event/hou-rockets-%2540-sa-spurs/33762031,Spoilin’ the Party,,,+234,+234
,https://sportsbook.draftkings.com/event/hou-rockets-%2540-sa-spurs/33762031,Carry and Create,,,+440,+440
,https://sportsbook.draftkings.com/event/hou-rockets-%2540-sa-spurs/33762031,"Road Win, Run It Up",,,+345,+345
,https://sportsbook.draftkings.com/event/hou-rockets-%2540-sa-spurs/33762031,🧊 Ice Cold on the Road,,,+252,+252
,https://sportsbook.draftkings.com/event/hou-rockets-%2540-sa-spurs/33762031,Game,,,+154,+154
,https://sportsbook.draftkings.com/event/hou-rockets-%2540-sa-spurs/33762031,Spread,,,+154,+154
,https://sportsbook.draftkings.com/event/hou-rockets-%2540-sa-spurs/33762031,HOU Rockets,,,+154,+154
,https://sportsbook.draftkings.com/event/hou-rockets-%2540-sa-spurs/33762031,+4.5,,,+154,+154
,https://sportsbook.draftkings.com/event/hou-rockets-%2540-sa-spurs/33762031,1st Point,,,+496,+496
,https://sportsbook.draftkings.com/event/hou-rockets-%2540-sa-spurs/33762031,1st Point,,,+610,+610
,https://sportsbook.draftkings.com/event/hou-rockets-%2540-sa-spurs/33762031,1st Point,,,+640,+640
,https://sportsbook.draftkings.com/event/hou-rockets-%2540-sa-spurs/33762031,1st Point,,,+700,+700
,https://sportsbook.draftkings.com/event/hou-rockets-%2540-sa-spurs/33762031,1st Point,,,+720,+720
,https://sportsbook.draftkings.com/event/hou-rockets-%2540-sa-spurs/33762031,1st Point,,,+800,+800
,https://sportsbook.draftkings.com/event/hou-rockets-%2540-sa-spurs/33762031,1st Point,,,+850,+850
,https://sportsbook.draftkings.com/event/hou-rockets-%2540-sa-spurs/33762031,1st Point,,,+870,+870
,https://sportsbook.draftkings.com/event/hou-rockets-%2540-sa-spurs/33762031,1st Point,,,+1000,+1000
,https://sportsbook.draftkings.com/event/hou-rockets-%2540-sa-spurs/33762031,1st Points Scorer,,,+496,+496
,https://sportsbook.draftkings.com/event/hou-rockets-%2540-sa-spurs/33762031,1st Points Scorer,,,+610,+610
,https://sportsbook.draftkings.com/event/hou-rockets-%2540-sa-spurs/33762031,1st Points Scorer,,,+640,+640
,https://sportsbook.draftkings.com/event/hou-rockets-%2540-sa-spurs/33762031,1st Points Scorer,,,+700,+700
,https://sportsbook.draftkings.com/event/hou-rockets-%2540-sa-spurs/33762031,1st Points Scorer,,,+720,+720
,https://sportsbook.draftkings.com/event/hou-rockets-%2540-sa-spurs/33762031,1st Points Scorer,,,+800,+800
,https://sportsbook.draftkings.com/event/hou-rockets-%2540-sa-spurs/33762031,1st Points Scorer,,,+850,+850
,https://sportsbook.draftkings.com/event/hou-rockets-%2540-sa-spurs/33762031,1st Points Scorer,,,+870,+870
,https://sportsbook.draftkings.com/event/hou-rockets-%2540-sa-spurs/33762031,1st Points Scorer,,,+1000,+1000
,https://sportsbook.draftkings.com/event/hou-rockets-%2540-sa-spurs/33762031,10+,,,+102,+102
,https://sportsbook.draftkings.com/event/hou-rockets-%2540-sa-spurs/33762031,6+,,,+110,+110
,https://sportsbook.draftkings.com/event/hou-rockets-%2540-sa-spurs/33762031,6+,,,+107,+107
,https://sportsbook.draftkings.com/event/ind-pacers-%2540-por-trail-blazers/33762032,POPULAR,,,+248,+248
,https://sportsbook.draftkings.com/event/ind-pacers-%2540-por-trail-blazers/33762032,POPULAR,,,+238,+238
,https://sportsbook.draftkings.com/event/ind-pacers-%2540-por-trail-blazers/33762032,Defense Drives the Win,,,+248,+248
,https://sportsbook.draftkings.com/event/ind-pacers-%2540-por-trail-blazers/33762032,Defense Drives the Win,,,+238,+238
,https://sportsbook.draftkings.com/event/ind-pacers-%2540-por-trail-blazers/33762032,Defense Drives the Win,,,+128,+128
,https://sportsbook.draftkings.com/event/ind-pacers-%2540-por-trail-blazers/33762032,Covered + Cookin’ 👨‍🍳,,,+238,+238
,https://sportsbook.draftkings.com/event/ind-pacers-%2540-por-trail-blazers/33762032,Home Heat + High Total,,,+128,+128
,https://sportsbook.draftkings.com/event/ind-pacers-%2540-por-trail-blazers/33762032,"Road Win, Run It Up",,,+550,+550
,https://sportsbook.draftkings.com/event/ind-pacers-%2540-por-trail-blazers/33762032,Spoilin’ the Party,,,+238,+238
,https://sportsbook.draftkings.com/event/ind-pacers-%2540-por-trail-blazers/33762032,🧊 Ice Cold on the Road,,,+250,+250
,https://sportsbook.draftkings.com/event/ind-pacers-%2540-por-trail-blazers/33762032,Game,,,+260,+260
,https://sportsbook.draftkings.com/event/ind-pacers-%2540-por-trail-blazers/33762032,Spread,,,+260,+260
,https://sportsbook.draftkings.com/event/ind-pacers-%2540-por-trail-blazers/33762032,IND Pacers,,,+260,+260
,https://sportsbook.draftkings.com/event/ind-pacers-%2540-por-trail-blazers/33762032,+8.5,,,+260,+260
,https://sportsbook.draftkings.com/event/ind-pacers-%2540-por-trail-blazers/33762032,Betting News,"Sometimes, there are losses that feel like moral victories. For the Los Angeles Lakers, last night's 120 defeat against the Denver Nuggets m",120,-113,"Sometimes, there are losses that feel like moral victories. For the Los Angeles Lakers, last night's 120-113 defeat against the Denver Nuggets might qualify, as the Lakers lost starting center Deandre Ayton early and tra"
,https://sportsbook.draftkings.com/event/ind-pacers-%2540-por-trail-blazers/33762032,"7:30 PM · Mar 06, 2026","Sometimes, there are losses that feel like moral victories. For the Los Angeles Lakers, last night's 120 defeat against the Denver Nuggets m",120,-113,"Sometimes, there are losses that feel like moral victories. For the Los Angeles Lakers, last night's 120-113 defeat against the Denver Nuggets might qualify, as the Lakers lost starting center Deandre Ayton early and tra"
,https://sportsbook.draftkings.com/event/ind-pacers-%2540-por-trail-blazers/33762032,"4:10 PM · Mar 06, 2026","Sometimes, there are losses that feel like moral victories. For the Los Angeles Lakers, last night's 120 defeat against the Denver Nuggets m",120,-113,"Sometimes, there are losses that feel like moral victories. For the Los Angeles Lakers, last night's 120-113 defeat against the Denver Nuggets might qualify, as the Lakers lost starting center Deandre Ayton early and tra"
,https://sportsbook.draftkings.com/event/chi-bulls-%2540-sac-kings/33762033,POPULAR,,,+244,+244
,https://sportsbook.draftkings.com/event/chi-bulls-%2540-sac-kings/33762033,POPULAR,,,+240,+240
,https://sportsbook.draftkings.com/event/chi-bulls-%2540-sac-kings/33762033,🧊 Ice Cold on the Road,,,+244,+244
,https://sportsbook.draftkings.com/event/chi-bulls-%2540-sac-kings/33762033,🧊 Ice Cold on the Road,,,+240,+240
,https://sportsbook.draftkings.com/event/chi-bulls-%2540-sac-kings/33762033,🧊 Ice Cold on the Road,,,+345,+345
,https://sportsbook.draftkings.com/event/chi-bulls-%2540-sac-kings/33762033,Defense Drives the Win,,,+240,+240
,https://sportsbook.draftkings.com/event/chi-bulls-%2540-sac-kings/33762033,Home Heat + High Total,,,+345,+345
,https://sportsbook.draftkings.com/event/chi-bulls-%2540-sac-kings/33762033,"Road Win, Run It Up",,,+180,+180
,https://sportsbook.draftkings.com/event/chi-bulls-%2540-sac-kings/33762033,Spoilin’ the Party,,,+228,+228
,https://sportsbook.draftkings.com/event/chi-bulls-%2540-sac-kings/33762033,Covered + Cookin’ 👨‍🍳,,,+260,+260
,https://sportsbook.draftkings.com/event/chi-bulls-%2540-sac-kings/33762033,Game,,,+142,+142
,https://sportsbook.draftkings.com/event/chi-bulls-%2540-sac-kings/33762033,Spread,,,+142,+142
,https://sportsbook.draftkings.com/event/chi-bulls-%2540-sac-kings/33762033,CHI Bulls,,,+142,+142
,https://sportsbook.draftkings.com/event/chi-bulls-%2540-sac-kings/33762033,-3.5,,,+142,+142
,https://sportsbook.draftkings.com/event/chi-bulls-%2540-sac-kings/33762033,Betting News,"After years of being the picture of mediocrity, the Chicago Bulls finally decided to tear it all down. They traded DeMar DeRozan before the ",,-25,"After years of being the picture of mediocrity, the Chicago Bulls finally decided to tear it all down. They traded DeMar DeRozan before the 2024-25 season, dealt Zach LaVine midway through that season, and finished the d"
,https://sportsbook.draftkings.com/event/chi-bulls-%2540-sac-kings/33762033,"12:56 PM · Mar 05, 2026","After years of being the picture of mediocrity, the Chicago Bulls finally decided to tear it all down. They traded DeMar DeRozan before the ",,-25,"After years of being the picture of mediocrity, the Chicago Bulls finally decided to tear it all down. They traded DeMar DeRozan before the 2024-25 season, dealt Zach LaVine midway through that season, and finished the d"
,https://sportsbook.draftkings.com/event/cha-hornets-%2540-pho-suns/33762034,POPULAR,,,+128,+128
,https://sportsbook.draftkings.com/event/cha-hornets-%2540-pho-suns/33762034,POPULAR,,,+256,+256
,https://sportsbook.draftkings.com/event/cha-hornets-%2540-pho-suns/33762034,Shootout With a Finish ♨️,,,+128,+128
,https://sportsbook.draftkings.com/event/cha-hornets-%2540-pho-suns/33762034,Shootout With a Finish ♨️,,,+256,+256
,https://sportsbook.draftkings.com/event/cha-hornets-%2540-pho-suns/33762034,Shootout With a Finish ♨️,,,+246,+246
,https://sportsbook.draftkings.com/event/cha-hornets-%2540-pho-suns/33762034,Spoilin’ the Party,,,+256,+256
,https://sportsbook.draftkings.com/event/cha-hornets-%2540-pho-suns/33762034,Defense Drives the Win,,,+246,+246
,https://sportsbook.draftkings.com/event/cha-hornets-%2540-pho-suns/33762034,Home Heat + High Total,,,+305,+305
,https://sportsbook.draftkings.com/event/cha-hornets-%2540-pho-suns/33762034,"Big Totals, Bold Finish 🧨",,,+196,+196
,https://sportsbook.draftkings.com/event/cha-hornets-%2540-pho-suns/33762034,"Road Win, Run It Up",,,+200,+200
,https://sportsbook.draftkings.com/event/cha-hornets-%2540-pho-suns/33762034,Covered + Cookin’ 👨‍🍳,,,+234,+234
,https://sportsbook.draftkings.com/event/cha-hornets-%2540-pho-suns/33762034,🧊 Ice Cold on the Road,,,+238,+238
,https://sportsbook.draftkings.com/event/cha-hornets-%2540-pho-suns/33762034,Game,,,+136,+136
,https://sportsbook.draftkings.com/event/cha-hornets-%2540-pho-suns/33762034,Spread,,,+136,+136
,https://sportsbook.draftkings.com/event/cha-hornets-%2540-pho-suns/33762034,CHA Hornets,,,+136,+136
,https://sportsbook.draftkings.com/event/cha-hornets-%2540-pho-suns/33762034,-3.5,,,+136,+136
,https://sportsbook.draftkings.com/event/cha-hornets-%2540-pho-suns/33762034,Betting News,"After years of being the picture of mediocrity, the Chicago Bulls finally decided to tear it all down. They traded DeMar DeRozan before the ",,-25,"After years of being the picture of mediocrity, the Chicago Bulls finally decided to tear it all down. They traded DeMar DeRozan before the 2024-25 season, dealt Zach LaVine midway through that season, and finished the d"
,https://sportsbook.draftkings.com/event/cha-hornets-%2540-pho-suns/33762034,"5:22 PM · Mar 06, 2026","After years of being the picture of mediocrity, the Chicago Bulls finally decided to tear it all down. They traded DeMar DeRozan before the ",,-25,"After years of being the picture of mediocrity, the Chicago Bulls finally decided to tear it all down. They traded DeMar DeRozan before the 2024-25 season, dealt Zach LaVine midway through that season, and finished the d"
,https://sportsbook.draftkings.com/event/cha-hornets-%2540-pho-suns/33762034,"12:56 PM · Mar 05, 2026","After years of being the picture of mediocrity, the Chicago Bulls finally decided to tear it all down. They traded DeMar DeRozan before the ",,-25,"After years of being the picture of mediocrity, the Chicago Bulls finally decided to tear it all down. They traded DeMar DeRozan before the 2024-25 season, dealt Zach LaVine midway through that season, and finished the d"
