trend_type,name,source_url,metric_hint,captured_at
song,Trend Discovery: Viral TikTok Sound - TikTok For Business,https://ads.tiktok.com/business/creativecenter/inspiration/popular/music/pc/en,,2026-03-06T18:27:26
song,TikTok Music 2026 💯 Viral Trending TikTok Songs - playlist by Soave | Spotify,https://open.spotify.com/playlist/57EG9lWmdn7HHofXuQVsow,,2026-03-06T18:27:26
song,Trending Songs Right Now | TikTok,https://www.tiktok.com/discover/trending-songs-right-now?lang=en,,2026-03-06T18:27:25
song,Trending Songs on TikTok Right Now: Updated Weekly! - Metricool,https://metricool.com/tiktok-songs/,,2026-03-06T18:27:25
song,Top 50 TikTok Songs This Week 2026 January - Best TikTok Music Playlist 2026 - YouTube,https://www.youtube.com/playlist?list=PLyORnIW1xT6xExONZqUnmdnfVAl0sJGeb,,2026-03-06T18:27:25
song,Trending Songs This Week | TikTok,https://www.tiktok.com/discover/trending-songs-this-week?lang=en,,2026-03-06T18:27:25
song,13 Trending Songs on TikTok in February 2026 (+ How to Use Them),https://buffer.com/resources/trending-songs-tiktok/,,2026-03-06T18:27:26
song,Trending Tiktok Songs | Boomplay Music,https://www.boomplay.com/playlists/28827344,,2026-03-06T18:27:25
song,TikTok Songs 2025 | Trending Tracks on Apple Music,https://music.apple.com/gb/playlist/tiktok-songs-2025-trending-tracks/pl.d9dcaa71eae146549c216c6fc81640bd,,2026-03-06T18:27:25
song,Top trending songs on TikTok today 5 March 2026 | tokchart,https://tokchart.com/,,2026-03-06T18:27:26
song,TikTok Trending Songs - United States | All charts - Kworb.net,https://kworb.net/charts/tiktok/us.html,,2026-03-06T18:27:25
song,The Vogue Business TikTok Trend Tracker | Vogue,https://www.vogue.com/article/the-vogue-business-tiktok-trend-tracker,,2026-03-06T18:27:25
song,#trendingsongs - TikTok,https://www.tiktok.com/tag/trendingsongs,,2026-03-06T18:27:25
song,"r/MusicRecommendations on Reddit: ""Tiktok"" or trending songs where the rest of the song is better than the trendy part",https://www.reddit.com/r/MusicRecommendations/comments/1p27hwj/tiktok_or_trending_songs_where_the_rest_of_the/,,2026-03-06T18:27:25
song,Trending on TikTok Playlist | Epidemic Sound,https://www.epidemicsound.com/music/themes/viral-trends-aesthetics/trending-on-tiktok/,,2026-03-06T18:27:26
song,TikTok Charts • TikCharts,https://tikcharts.com/,,2026-03-06T18:27:25
song,TikTok Trending Songs 2025 - Viral Hits Playlist 2025-2026,https://music.youtube.com/playlist?list=PLklK9LfLw5UGYeiIH37Lo7PyZY8Qka8Op,,2026-03-06T18:27:25
song,Top Trending Songs on TikTok USA Today (100% Up-to-date),https://countik.com/popular/songs,,2026-03-06T18:27:25
song,TikTok Songs 2026 | Viral Internet Hits - Apple Music,https://music.apple.com/us/playlist/tiktok-songs-2026-viral-internet-hits-trending-songs-2026/pl.35b7d6e334854d1585237d106e69bdc2,,2026-03-06T18:27:25
song,Top 50 TikTok Songs 2025: Viral Hits Trending Now,https://globalmusicvibe.com/songs/top-50-tiktok-songs-2025/,,2026-03-06T18:27:25
song,Top Trending Songs on Tiktok - TokHits,https://www.tokhits.com/all-charts,,2026-03-06T18:27:25
song,Discover the Heartfelt Melodies of Our Favorite Song | TikTok,https://www.tiktok.com/@aidenrossmusic/video/7600138093210963231,,2026-03-06T18:27:25
song,TikTok Trends Right Now | Updated Weekly by New Engen,https://newengen.com/tiktok-trends/,,2026-03-06T18:27:25
song,TikTok Trending Songs - Vietnam,https://kworb.net/charts/tiktok/vn.html,,2026-03-06T18:27:25
song,TikTok Songs 2026 🌞 Viral hit Tik Tok songs music playlist | Listen on Deezer,https://www.deezer.com/en/playlist/7191822984,,2026-03-06T18:27:26
song,[18 February 2026] Fastest Growing TikTok Songs | tokchart,https://tokchart.com/growing,,2026-03-06T18:27:26
song,Trending Songs This Week - TikTok,https://www.tiktok.com/discover/trending-songs-this-week?lang=en,,2026-03-06T18:27:26
song,2026 trending TikTok and Instagram Reels audio [updated weekly],https://www.heyorca.com/blog/trending-audio-for-reels-tiktok,,2026-03-06T18:27:26
song,TikTok Trending Songs - United States,https://kworb.net/charts/tiktok/us.html,,2026-03-06T18:27:26
song,TikTok's top 10 best trending sounds to try this week - Mojo,https://www.mojo-app.com/tiktok-editor/tiktoks-top-10-best-trending-sounds-to-try-this-week,,2026-03-06T18:27:26
song,Trending Sounds | TikTok,https://www.tiktok.com/discover/trending-sounds?lang=en,,2026-03-06T18:27:26
song,Viral Hits 2026 😋🎶 Trending TikTok Sounds - playlist by Filtr US | Spotify,https://open.spotify.com/playlist/3hoI0s5TLdpPMcimSRmQpj,,2026-03-06T18:27:26
song,TikTok Songs - Trending Viral TikTok Hits 2025 | TikTok Sounds - YouTube,https://www.youtube.com/playlist?list=PLeDakahyfrO_dAH03_ihc64OQiycDrP1c,,2026-03-06T18:27:26
song,Trend Discovery: Popular Hashtags On TikTok,https://ads.tiktok.com/business/creativecenter/inspiration/popular/hashtag/pc/en,,2026-03-06T18:27:26
song,Trending Songs on TikTok Right Now: Updated Weekly!,https://metricool.com/tiktok-songs/,,2026-03-06T18:27:26
song,Trending Songs This Week | TikTok,https://www.tiktok.com/discover/trending-songs-this-week,,2026-03-06T18:27:26
song,How to Find Trending TikTok Sounds to Craft a Viral Video,https://www.capcut.com/resource/trending-tiktok-sounds,,2026-03-06T18:27:26
song,Trend Discovery: Hot content on TikTok - TikTok For Business,https://ads.tiktok.com/business/creativecenter/inspiration/popular/pc/en,,2026-03-06T18:27:26
song,"Viral TikTok Trends: Top 100 Creators, Hot Sounds, Must-Use Hashtags",https://viral.trendpop.com/,,2026-03-06T18:27:26
song,6 Easy Ways To Find Trending Sounds On TikTok | Together Agency,https://togetheragency.co.uk/news/how-to-find-trending-sounds-on-tiktok,,2026-03-06T18:27:26
song,TikTok's top 10 best trending sounds to try this week,https://mojo-app.com/tiktok-editor/tiktoks-top-10-best-trending-sounds-to-try-this-week/,,2026-03-06T18:27:26
song,How to Find Trending TikTok Sounds in 2026,https://buffer.com/resources/how-to-find-trending-tiktok-sounds/,,2026-03-06T18:27:26
song,"11 Viral Memes And TikTok Sounds That Are Used Comedically, But Actually Have Heartbreaking Backstories",https://www.buzzfeed.com/leylamohammed/viral-memes-tiktok-sounds-tragic-backstories,,2026-03-06T18:27:26
hashtag,Trend Discovery: Hot content on TikTok - TikTok For Business,https://ads.tiktok.com/business/creativecenter/inspiration/popular/pc/en,,2026-03-06T18:27:27
hashtag,250 Trending TikTok Hashtags to Gain More Likes & Followers in 2024,https://influencermarketinghub.com/top-tiktok-hashtags/,,2026-03-06T18:27:27
hashtag,100+ Trending TikTok Hashtags To Get Views | SocialBu Blog,https://socialbu.com/blog/trending-tiktok-hashtags,,2026-03-06T18:27:27
hashtag,50 Most Popular and Trending TikTok Hashtags - ShareThis,https://sharethis.com/social-media/2022/04/most-popular-and-trending-tiktok-hashtags/,,2026-03-06T18:27:27
hashtag,TikTok Hashtags: How to Use Them to Gain More Views in 2026 | Sprout Social,https://sproutsocial.com/insights/tiktok-hashtags/,,2026-03-06T18:27:27
hashtag,Discover top trending TikTok hashtags with AI-recommended explanations | Bazaarvoice,https://www.bazaarvoice.com/updates/discover-top-trending-tiktok-hashtags-and-drive-impact-with-ai-recommended-explanations/,,2026-03-06T18:27:27
hashtag,How to Find Trending TikTok Hashtags | Planoly,https://www.planoly.com/blog/trending-tiktok-hashtags,,2026-03-06T18:27:27
hashtag,Best TikTok Hashtags to Go Viral in 2026,https://litcommerce.com/blog/best-tiktok-hashtags/,,2026-03-06T18:27:27
hashtag,What are the top trending hashtags on TikTok right now? - Quora,https://www.quora.com/What-are-the-top-trending-hashtags-on-TikTok-right-now,,2026-03-06T18:27:27
hashtag,Trend Discovery: Popular Hashtags On TikTok,https://ads.tiktok.com/business/creativecenter/inspiration/popular/hashtag/pc/en,,2026-03-06T18:27:28
hashtag,TikTok Hashtag Generator - Auto-Write Trending Hashtags Fast - OpusClip,https://www.opus.pro/tools/tiktok-hashtag-generator,,2026-03-06T18:27:27
hashtag,Trending TikTok Hashtags (February 2026) - Dash Social,https://www.dashsocial.com/blog/tiktok-hashtags,,2026-03-06T18:27:27
hashtag,r/socialmedia on Reddit: TikTok: Hashtags,https://www.reddit.com/r/socialmedia/comments/1n2pqwh/tiktok_hashtags/,,2026-03-06T18:27:28
hashtag,TikTok hashtags surging in popularity today 12 Dec,https://www.reddit.com/r/Tiktokhelp/comments/18gpvjg/tiktok_hashtags_surging_in_popularity_today_12_dec/,,2026-03-06T18:27:27
hashtag,The most trending TikTok hashtags: Updated 2026 - Async,https://async.com/blog/trending-tiktok-hashtags/,,2026-03-06T18:27:28
hashtag,Mid October Top 50 Trending TikTok hashtags : r/content_marketing,https://www.reddit.com/r/content_marketing/comments/1o829jz/mid_october_top_50_trending_tiktok_hashtags/,,2026-03-06T18:27:27
hashtag,TikTok Hashtag Generator | Boost Reach & Engagement - Hootsuite,https://www.hootsuite.com/social-media-tools/tiktok-hashtag-generator,,2026-03-06T18:27:28
hashtag,Top 250 TikTok Hashtags for 2026 + How to Use Them for Growth,https://buffer.com/resources/tiktok-hashtags/,,2026-03-06T18:27:27
hashtag,Ramdam - Tiktok Trends - March 2026,https://www.ramd.am/blog/trends-tiktok,,2026-03-06T18:27:27
hashtag,Viral Hashtags This Week - tokchart,https://tokchart.com/dashboard/hashtags/growing,,2026-03-06T18:27:27
hashtag,"TikTok Hashtag Generator (free tool, no signup required) | OneUp",https://www.oneupapp.io/tiktok-hashtag-generator,,2026-03-06T18:27:27
hashtag,How To Check For Trending Hashtags On TikTok - YouTube,https://www.youtube.com/watch?v=8pp9PmV5dEA,,2026-03-06T18:27:27
hashtag,Go Viral on TikTok with 100 Popular Hashtags - Fourthwall,https://fourthwall.com/blog/go-viral-on-tiktok-with-100-popular-hashtags,,2026-03-06T18:27:28
hashtag,TIktok trending hashtag today: Explode your reach with real ...,https://snshelper.com/en/blog/tiktok-trending-hashtags-today,,2026-03-06T18:27:27
hashtag,TikTok Hashtags: Your Complete Guide to Viral Success in 2025,https://www.admetrics.io/en/post/tiktok-hashtags,,2026-03-06T18:27:27
hashtag,r/content_marketing on Reddit: Mid October Top 50 Trending TikTok hashtags,https://www.reddit.com/r/content_marketing/comments/1o829jz/mid_october_top_50_trending_tiktok_hashtags/,,2026-03-06T18:27:28
hashtag,Use TikTok Hashtags To Go Viral and Grow Your Account - YouTube,https://www.youtube.com/watch?v=xcZHGr_xpII,,2026-03-06T18:27:28
hashtag,Top trending songs on TikTok today 5 March 2026 | tokchart,https://tokchart.com/,,2026-03-06T18:27:28
hashtag,Best way to use hashtags on TikTok and Instagram? - Reddit,https://www.reddit.com/r/musicmarketing/comments/1e0gnhn/best_way_to_use_hashtags_on_tiktok_and_instagram/,,2026-03-06T18:27:28
hashtag,Best #tiktok Hashtags for Instagram & TikTok - Top Trends 2025,https://best-hashtags.com/hashtag/tiktok/,,2026-03-06T18:27:28
hashtag,Trending TikTok Hashtags (February 2026) | Dash Social,https://www.dashsocial.com/blog/tiktok-hashtags,,2026-03-06T18:27:28
hashtag,The hashtags you need to use to grow on TikTok👀 #tiktokhashtag #tiktokhashtags #tiktokgrowth #tiktokgrowthtips #tiktokhashtagstrategy #tiktokgrowthhack | TikTok,https://www.tiktok.com/@sociallyspeakingmedia/video/7486420839101893910,,2026-03-06T18:27:28
hashtag,The Best TikTok Hashtags For More Views - Meltwater,https://www.meltwater.com/en/blog/best-tiktok-hashtags,,2026-03-06T18:27:28
hashtag,The most trending TikTok hashtags: Updated August 2025,https://podcastle.ai/blog/trending-tiktok-hashtags/,,2026-03-06T18:27:28
hashtag,How can TikTok Hashtags Help You Get More Views in 2026? | Brand24,https://brand24.com/blog/tiktok-hashtags/,,2026-03-06T18:27:28
hashtag,Trending Hashtags | TikTok,https://www.tiktok.com/discover/trending-hashtags?lang=en,,2026-03-06T18:27:28
hashtag,TikTok Hashtags That You Can Easily Copy & Paste | Agency Vista,https://agencyvista.com/insights/tiktok-hashtags-that-you-can-easily-copy-paste/,,2026-03-06T18:27:28
hashtag,TikTok hashtags: How to use the best hashtags for more views in 2026,https://sproutsocial.com/insights/tiktok-hashtags/,,2026-03-06T18:27:28
hashtag,TikTok Hashtag Strategy to *actually* Go Viral - YouTube,https://www.youtube.com/watch?v=yN93lp9Qh3w,,2026-03-06T18:27:28
hashtag,r/TikTok on Reddit: Is there simply a list of the tiktok hashtags with the most views?,https://www.reddit.com/r/TikTok/comments/1cqannn/is_there_simply_a_list_of_the_tiktok_hashtags/,,2026-03-06T18:27:28
hashtag,The best TikTok hashtag strategy to get more views 📈 #socialmediamarketing #digitalmarketing #smallbusinesstips #contenttips #tiktokgrowth #tiktoktips | TikTok,https://www.tiktok.com/@zestyagency/video/7242188591214955784?lang=en,,2026-03-06T18:27:28
hashtag,We are getting capped at five hashtags? Are you kidding me I think I need to give Tiktok a call | TikTok,https://www.tiktok.com/@queendianna27/video/7528776526033128734?lang=en,,2026-03-06T18:27:28
hashtag,200+ Best Hashtags for TikTok to Go Viral in 2025 – Mainn Media Agency,https://www.mainnmediaglobal.com/best-hashtags-for-tiktok/,,2026-03-06T18:27:28
hashtag,How To Use TikTok Hashtags To Get More Views in 2025,https://www.theleap.co/blog/tiktok-hashtags/,,2026-03-06T18:27:28
product,#tiktokmademebuyit | TikTok,https://www.tiktok.com/tag/tiktokmademebuyit?lang=en,,2026-03-06T18:27:30
product,Tiktok made me buy it's Amazon Page,https://www.amazon.com/shop/topfantastic,,2026-03-06T18:27:30
product,I Tested the MOST VIRAL Products TikTok Made Me Buy ... - YouTube,https://www.youtube.com/watch?v=hLRJs75gqXg,,2026-03-06T18:27:30
product,The TikTok-Made-Me-Buy-It Gift Guide: Viral Finds for 2025 - Listful,https://www.listful.com/guides/article/the-tiktok-made-me-buy-it-gift-guide-viral-finds-for-2025,,2026-03-06T18:27:30
product,TikTok Made Me Buy It,https://www.tiktok.com/discover/tiktok-made-me-buy-it,,2026-03-06T18:27:30
product,Trending Products - TikTok,https://www.tiktok.com/discover/trending-products,,2026-03-06T18:27:30
product,I Tried 7 VIRAL Products TikTok MADE ME BUY What's ... - YouTube,https://www.youtube.com/watch?v=dR-c4MQyIM0,,2026-03-06T18:27:30
product,Trending TikTok Viral Products 2026,https://tiktokmademebuythis.lovable.app/products,,2026-03-06T18:27:30
product,TikTok Made Me Buy It: Discover Must-Have Products,https://www.tiktok.com/@thesmithyfamily/video/7494944709534600470,,2026-03-06T18:27:30
product,TikTok Made Me Buy It | TikTok,https://www.tiktok.com/discover/tiktok-made-me-buy-it?lang=en,,2026-03-06T18:27:30
product,TikTok Made Me Buy It: How To Use the Trend (2025) - Shopify,https://www.shopify.com/blog/tiktok-made-me-buy-it,,2026-03-06T18:27:30
product,15 “Tiktok Made Me Buy It” Products for Sellers: Trend-Finding Guide,https://amzscout.net/blog/tiktok-made-me-buy-it-products/,,2026-03-06T18:27:30
product,TikTok Made Me Buy It: A Guide to Trending Finds in 2025,https://sellerhook.com/blog/tiktok-made-me-buy-it,,2026-03-06T18:27:30
product,Made Me Buy It Trend | TikTok,https://www.tiktok.com/discover/made-me-buy-it-trend,,2026-03-06T18:27:30
product,TikTok made me buy it: Who’s discovering new products on social media in 2026?,https://yougov.com/en-us/articles/54186-tiktok-made-me-buy-it-whos-discovering-new-products-on-social-media-in-2026,,2026-03-06T18:27:30
product,TikTok Made Me Buy It—17 Trending Products Worth The Hype - Forbes Vetted,https://www.forbes.com/sites/forbes-personal-shopper/2023/10/31/tiktok-made-me-buy-it/,,2026-03-06T18:27:30
product,Tik Tok Make Me Buy It | TikTok,https://www.tiktok.com/discover/tik-tok-make-me-buy-it,,2026-03-06T18:27:30
product,20 Products That Will Go Viral in 2025 (4) #popularproducts #latestproducts #hottestproducts #foryou #2025 #tiktokmademebuyit #fypシ #fyp #patrickchinasourcing |,https://www.tiktok.com/@patrick.yiwu/video/7486313192998718751,,2026-03-06T18:27:30
product,I Tested the MOST VIRAL Products TikTok Made Me Buy 🤔 what's ACTUALLY worth it? - YouTube,https://www.youtube.com/watch?v=hLRJs75gqXg,,2026-03-06T18:27:30
product,I Tested Viral TIKTOK SHOP Products! - YouTube,https://www.youtube.com/watch?v=NnvG_fdGN6A,,2026-03-06T18:27:31
product,Your TikTok-Obsessed Teen Won't Scroll Past These Viral Gifts,https://www.today.com/shop/17-viral-tiktok-products-make-great-holiday-gifts-2021-today-t234688,,2026-03-06T18:27:30
product,TikTok Made Me Buy It Clothes | TikTok,https://www.tiktok.com/discover/tiktok-made-me-buy-it-clothes,,2026-03-06T18:27:30
product,56 Products For Anyone In Their “TikTok Made Me Buy It” Era,https://www.buzzfeed.com/emmalord9/products-tiktok-buy-era,,2026-03-06T18:27:30
product,TikTok made me buy it | World Finance,https://www.worldfinance.com/strategy/tiktok-made-me-buy-it,,2026-03-06T18:27:30
product,TikTok Made Me Buy It: Viral Gifts Straight From Your FYP,https://www.goodhousekeeping.com/holidays/gift-ideas/g69632683/tiktok-gift-ideas-2025/,,2026-03-06T18:27:30
product,Top Products: trending products on TikTok - TikTok For Business,https://ads.tiktok.com/business/creativecenter/top-products/pc/en,,2026-03-06T18:27:31
product,Top 20 Best Selling Products on TikTok Shop - Helium 10,https://www.helium10.com/blog/top-20-best-selling-products-on-tiktok-shop/,,2026-03-06T18:27:31
product,TikTok Product Catalog - Top Viral Products,https://joinbrands.com/deals/,,2026-03-06T18:27:31
product,38 Trending TikTok products guaranteed to make you money in 2026,https://whop.com/blog/trending-tiktok-products/,,2026-03-06T18:27:31
product,"TikTok Shop: Free Shipping on Clothing, Beauty & More",https://shop.tiktok.com/us,,2026-03-06T18:27:31
product,40 TikTok-Viral Beauty Products That Are Actually Worth It: Makeup ...,https://www.teenvogue.com/story/tiktok-viral-beauty-products,,2026-03-06T18:27:31
product,TikTok just gamified shopping. Slash & Free turns referrals into ...,https://www.reddit.com/r/Entrepreneurs/comments/1p64kg9/tiktok_just_gamified_shopping_slash_free_turns/,,2026-03-06T18:27:31
product,Amazon.com: Tiktok Viral Products,https://www.amazon.com/tiktok-viral-products/s?k=tiktok+viral+products,,2026-03-06T18:27:31
product,r/SocialMediaMarketing on Reddit: How do you find viral tiktok products early before they saturate?,https://www.reddit.com/r/SocialMediaMarketing/comments/1p06r9h/how_do_you_find_viral_tiktok_products_early/,,2026-03-06T18:27:31
product,"I'm *Always* Scrolling TikTok—These Viral, Editor-Approved Finds Are on Sale for Presidents Day",https://www.cosmopolitan.com/style-beauty/fashion/g36623568/viral-tiktok-items-amazon-sale/,,2026-03-06T18:27:31
product,"Trending Finds: Viral Products From TikTok, Instagram And More | TODAY",https://www.today.com/trending-products,,2026-03-06T18:27:31
product,TikTok Shop Products – Discover Trending Best‑Sellers in 2026 with Minea,https://www.minea.com/tiktok-shop-products,,2026-03-06T18:27:31
product,Top 50 TikTok trending products for 2026 - Printify,https://printify.com/blog/tiktok-trending-products/,,2026-03-06T18:27:31
product,Buying VIRAL Tiktok Products - YouTube,https://www.youtube.com/playlist?list=PLNwTWSLp87CyNnSKmg3zjZGIozUnz2Y16,,2026-03-06T18:27:31
product,Trending Products | TikTok,https://www.tiktok.com/discover/trending-products?lang=en,,2026-03-06T18:27:31
product,Top TikTok Trending Products To Sell In 2026 - Shopify,https://www.shopify.com/blog/tiktok-products,,2026-03-06T18:27:31
product,Viral TikTok Products | TikTok,https://www.tiktok.com/discover/viral-tiktok-products?lang=en,,2026-03-06T18:27:31
product,Viral TikTok Products: 25 Products You Should Sell Online in 2025,https://amzscout.net/blog/viral-tiktok-products/,,2026-03-06T18:27:31
product,Best-Seller TikTok Shop Products (Trending in 2025) | Analyzify,https://analyzify.com/hub/tiktok-shop-products,,2026-03-06T18:27:31
product,TikTok Product Search Tool: Find Winning Products | FastMoss,https://www.fastmoss.com/e-commerce/search,,2026-03-06T18:27:31
product,Top TikTok Trending Products 2025: 7 Viral Items to Sell,https://www.ecommop.com/blog/tiktok-trending-products,,2026-03-06T18:27:31
product,TikTok Shop Trending Products: Where to Find Them,https://www.darkroomagency.com/observatory/tiktok-shop-trending-products-where-to-find-them,,2026-03-06T18:27:31
product,26 Viral TikTok Gifts That Are Actually Worth It (2026) | WIRED,https://www.wired.com/gallery/best-viral-tiktok-gadgets/,,2026-03-06T18:27:31
product,#product | TikTok,https://www.tiktok.com/tag/product?lang=en,,2026-03-06T18:27:31
trend,TikTok Trends Right Now | Updated Weekly by New Engen,https://newengen.com/tiktok-trends/,,2026-03-06T18:27:32
trend,Trend Discovery: Hot content on TikTok - TikTok For Business,https://ads.tiktok.com/business/creativecenter/inspiration/popular/pc/en,,2026-03-06T18:27:32
trend,Top TikTok Trends to Try This Week: Updated Regularly in 2026,https://later.com/blog/tiktok-trends/,,2026-03-06T18:27:33
trend,TikTok trends 2026 — what's trending on TikTok this month? - Envato,https://elements.envato.com/learn/tiktok-trends,,2026-03-06T18:27:32
trend,Whats Trending Now | TikTok,https://www.tiktok.com/discover/whats-trending-now?lang=en,,2026-03-06T18:27:32
trend,Viral TikTok Trends - YouTube,https://www.youtube.com/playlist?list=PLUOjB04IrKJnzLGTAu51FVencBP4HQtc9,,2026-03-06T18:27:32
trend,Trend Discovery: Popular Hashtags On TikTok,https://ads.tiktok.com/business/creativecenter/inspiration/popular/hashtag/pc/en,,2026-03-06T18:27:32
trend,Discover new TikTok trends: February 2026 | Epidemic Sound,https://www.epidemicsound.com/blog/latest-tiktok-trends/,,2026-03-06T18:27:33
trend,TikTok's biggest trends right now (2026) | Clipchamp Blog,https://clipchamp.com/en/blog/tiktok-trends-challenges/,,2026-03-06T18:27:33
trend,Ramdam - Tiktok Trends - March 2026,https://www.ramd.am/blog/trends-tiktok,,2026-03-06T18:27:33
trend,Trend Discovery: Viral TikTok Sound - TikTok For Business,https://ads.tiktok.com/business/creativecenter/inspiration/popular/music/pc/en,,2026-03-06T18:27:32
trend,Watch trending videos for you - TikTok,https://www.tiktok.com/foryou?lang=en,,2026-03-06T18:27:32
trend,5 TikTok Trends I'm Loving Right Now,https://www.tiktok.com/@taliacadet/video/7543974843117587742,,2026-03-06T18:27:32
trend,Is there a tool to find trends on Tiktok or Instagram? : r/socialmedia,https://www.reddit.com/r/socialmedia/comments/1gq8xgk/is_there_a_tool_to_find_trends_on_tiktok_or/,,2026-03-06T18:27:32
trend,Trending on TikTok Playlist - Epidemic Sound,https://www.epidemicsound.com/music/themes/viral-trends-aesthetics/trending-on-tiktok/,,2026-03-06T18:27:32
trend,Top Products: trending products on TikTok - TikTok For Business,https://ads.tiktok.com/business/creativecenter/top-products/pc/en,,2026-03-06T18:27:32
trend,Most Popular TikTok Trends Right Now | TikTok,https://www.tiktok.com/discover/most-popular-tiktok-trends-right-now?lang=en,,2026-03-06T18:27:32
trend,Top trending songs on TikTok today 5 March 2026 | tokchart,https://tokchart.com/,,2026-03-06T18:27:32
trend,Current TikTok Trends To Try Right Now - February 2026,https://napoleoncat.com/blog/tiktok-trends/,,2026-03-06T18:27:32
trend,The Vogue Business TikTok Trend Tracker | Vogue,https://www.vogue.com/article/the-vogue-business-tiktok-trend-tracker,,2026-03-06T18:27:32
trend,Viral TikTok Trends Right Now | TikTok,https://www.tiktok.com/discover/viral-tiktok-trends-right-now?lang=en,,2026-03-06T18:27:32
trend,This Weeks TikTok Trending,https://www.optimiseyourmarketing.co.uk/tiktok-trending,,2026-03-06T18:27:32
trend,TikTok trends 2026: tracking the latest TikTok trends as they emerge,https://www.home.shooglebox.com/tiktok-trends-2026,,2026-03-06T18:27:33
trend,#trending | TikTok,https://www.tiktok.com/tag/trending?lang=en,,2026-03-06T18:27:32
trend,"The 10 TikTok Trends Gen Z Is Crazed About Right Now. | by Rajesh Poovathum Kadavil | The Pub | Feb, 2026 | Medium",https://medium.com/the-pub/the-10-tiktok-trends-gen-z-is-crazed-about-right-now-abe9c34fd5ae,,2026-03-06T18:27:32
trend,TikTok Next 2026 Trend Report: Top Trends & Forecast,https://ads.tiktok.com/business/en-US/next,,2026-03-06T18:27:33
trend,TikTok Trends 2026: What matters on TikTok this year,https://omr.com/en/reviews/contenthub/tiktok-trends,,2026-03-06T18:27:33
trend,Top 10 trending TikTok content ideas for 2026 - Ecomdy Media,https://ecomdymedia.com/blog/top-10-trending-tiktok-content-ideas-for-2026,,2026-03-06T18:27:33
trend,TikTok Next 2026 Trend Report,https://ads.tiktok.com/business/library/TikTok_Next_2026_Trend_Report.pdf,,2026-03-06T18:27:33
trend,TikTok's 2026 Trend Report: 3 Content Shifts Marketers Can't Ignore,https://www.youtube.com/shorts/l-ARUlnQaGA,,2026-03-06T18:27:33
trend,Trending TikTok Hashtags (February 2026) - Dash Social,https://www.dashsocial.com/blog/tiktok-hashtags,,2026-03-06T18:27:33
trend,2026 Social Media Trends: Insights for Creators | TikTok,https://www.tiktok.com/@juliabroome/video/7586732098187283725,,2026-03-06T18:27:33
trend,Social Media Trends 2026 - Hootsuite,https://www.hootsuite.com/research/social-trends,,2026-03-06T18:27:33
trend,Introducing TikTok Next 2026: Our Trend Forecast for Marketers for the Year Ahead - Newsroom | TikTok,https://newsroom.tiktok.com/introducing-tiktok-next-2026-our-trend-forecast-for-marketers-for-the-year-ahead?lang=en,,2026-03-06T18:27:33
trend,6 TikTok Trends to Watch in 2026—With Real Examples - The Gain Blog,https://blog.gainapp.com/tiktok-trends/,,2026-03-06T18:27:33
trend,Teleprompter.com | TikTok Trends 2026: What Creators Must Know Next,https://www.teleprompter.com/blog/tiktok-trends,,2026-03-06T18:27:33
trend,TikTok Shares 2026 Trend Predictions for Marketers | Social Media Today,https://www.socialmediatoday.com/news/tiktok-shares-2026-trend-predictions-for-marketers/809651/,,2026-03-06T18:27:33
trend,"TikTok's '2026 Is The New 2016' Trend, Explained",https://www.forbes.com/sites/danidiplacido/2026/01/18/tiktoks-2016-is-the-new-2026-trend-explained/,,2026-03-06T18:27:33
trend,TikTok says the era of 'delulu' is over. It's time to lock in to reality. | Mashable,https://mashable.com/article/tiktok-trends-2026-fantasy-out-reality-in,,2026-03-06T18:27:33
trend,TikTok Trends 2026: What’s Trending on TikTok? | Quantum IT Innovation,https://quantumitinnovation.com/blog/tiktok-trends-whats-trending-on-tiktok,,2026-03-06T18:27:33
trend,Top TikTok Trends in 2026: 18 Ideas To Go Viral - Shopify,https://www.shopify.com/blog/tiktok-trends,,2026-03-06T18:27:33
trend,Top TikTok Trends of January 2026,https://newengen.com/insights/january-2026-tiktok-trends/,,2026-03-06T18:27:33
trend,Top TikTok Trends of March 2026,https://newengen.com/insights/march-2026-tiktok-trends/,,2026-03-06T18:27:33
trend,#2026 | TikTok,https://www.tiktok.com/tag/2026?lang=en,,2026-03-06T18:27:33
trend,The Biggest TikTok Trends of 2026 | Coalition Technologies,https://coalitiontechnologies.com/blog/tiktoks-2026-trends-how-to-stay-ahead,,2026-03-06T18:27:33
